feature,mean_abs_shap
p_r3_wrong,0.3338756108743182
Final_R3_Score_Address,0.1639494760134849
org_record_count,0.12551382144404657
needs_active_review,0.10708151802096155
p_conclusive_rank,0.04973982802741489
business_gain,0.04180961565464184
claim_rows,0.037881690388709074
evidence_total,0.03768325874506794
p_pf_address_accurate,0.03542420395121652
net_tier3_signal,0.0315259563466342
