{
  "baseline_r3_accuracy": 0.5062174087444845,
  "passive_corrected_accuracy": 0.5575611712795828,
  "call_budget": 450.0,
  "selected_rows": 450.0,
  "expected_usable_verdicts": 180.0,
  "selected_mean_p_wrong": 0.8303589210234675,
  "selected_mean_p_conclusive_rank": 0.8349568928122876,
  "selected_mean_business_gain": 1.6421611111111112,
  "expected_accuracy_gain_records": 151.05074039169548,
  "expected_accuracy_gain_points": 0.0605899480111093,
  "expected_combined_accuracy": 0.6181511192906921,
  "oracle_selected_correctable_rows": 377.0,
  "conformal_uncertain_in_selected": 0.8733333333333333,
  "conformal_lambda_hat": 0.735294,
  "conformal_uncertain_pool_size": 393,
  "conformal_coverage_guarantee": "95%",
  "conformal_n_calibration_rows": 425,
  "conformal_alpha": 0.05,
  "conformal_conformal_selected": 393,
  "conformal_selected": 450,
  "ranker_ndcg_at_50": 0.98441584105562,
  "ranker_ndcg_at_100": 0.98441584105562,
  "ranker_ndcg_at_450": 0.98441584105562,
  "deployment_selected_rows": 450.0,
  "deployment_conformal_selected": 450.0
}