{
  "baseline_accuracy": 0.5062174087444845,
  "corrected_accuracy": 0.5575611712795828,
  "net_accuracy_gain": 0.051343762535098314,
  "agreement_zone_rows": 1262.0,
  "agreement_zone_preservation": 1.0,
  "agreement_zone_changes": 0.0,
  "disagreement_zone_rows": 1231.0,
  "disagreement_zone_recovery_rate": 0.10398050365556458,
  "rows_changed": 132.0,
  "changed_row_precision": 0.9696969696969697
}