score_band,rows,disagreement_rate,conclusive_rate,median_r3_score
0-25,421,0.4489311163895487,0.9524940617577197,9.09090909090909
25-50,93,0.8924731182795699,0.8924731182795699,34.6153846153846
50-75,142,0.9154929577464789,0.9154929577464789,59.1836734693877
75-100,516,0.6627906976744186,0.8701550387596899,94.59064327485375
<=0,1321,0.36866010598031795,0.8955336866010598,0.0
