taxonomy,rows,median_r3_score,claims_zip_match_rate,telehealth_rate
behavioral_health_telehealth_floater,403,0.0,0.11910669975186104,0.8666666666666667
false_inaccurate_no_reliable_web_evidence,384,0.0,0.08072916666666667,0.2347417840375587
false_accurate_stale_org_site,198,95.11904761904759,0.10101010101010101,0.203125
mid_score_ambiguity,166,42.8571428571428,0.13253012048192772,0.13793103448275862
large_org_multi_location_confusion,44,64.0,0.29545454545454547,0.4418604651162791
other_disagreement,36,80.0,0.19444444444444445,0.2222222222222222
